account,name,link
@AKOrgaBewertung@mastodon.social,Arbeitskreis Orga + Bewertung,https://mastodon.social/@AKOrgaBewertung
@AlexanderBrand@troet.cafe,Alexander Brand ,https://troet.cafe/@AlexanderBrand
@AlexanderSchmidl@mastodon.social,Alexander Schmidt,https://mastodon.social/@AlexanderSchmidl
@AlexMitterle@mastodon.social,Alex Mitterle,https://mastodon.social/@AlexMitterle
@amateur_garde@mastodon.social,Désirée Waibel,https://mastodon.social/@amateur_garde
@ANosthoff@mastodon.social,Anna-Verena Nosthoff,https://mastodon.social/@ANosthoff
@bekado@social.tchncs.de,Benjamin Doubali,https://social.tchncs.de/@bekado
@Bindestriche@social.anoxinon.de,..,https://social.anoxinon.de/@Bindestriche
@bjoernkrey@troet.cafe,Björn Krey,https://mastodon.social/@bjoernkrey
@Blaabaek@mastodon.social,Ea Hoppe Blaabæk,https://mastodon.social/@Blaabaek
@chrishammermann@social.tchncs.de,Chris Hammermann,https://social.tchncs.de/@chrishammermann
@DiscourseNet@fediscience.org,DiscourseNet,https://fediscience.org/@DiscourseNet
@dustinstoltz@scholar.social,Dustin Stoltz,https://scholar.social/@dustinstoltz
@dwaldecker@fediscience.org,David Waldecker,https://fediscience.org/@dwaldecker
@DWitte@mastodon.social,Daniel Witte,https://mastodon.social/@DWitte
@empathroet@bildung.social,A. Hofmann,https://bildung.social/@empathroet
@florianeyert@mastodon.social,Florian Eyert,https://mastodon.social/@florianeyert
@fosrecki@mastodon.social,Fran Osrecki,https://mastodon.social/@fosrecki
@fstengel@mastodon.social,Frank Stengel,https://mastodon.social/@fstengel
@hcadenas@mastodon.social,Hugo Cadenas,https://mastodon.social/@hcadenas
@hendrikerz@scholar.social,Hendrik Erz,https://scholar.social/@hendrikerz
@ingorohlfing@mastodon.social,Ingo Rohlfing,https://mastodon.social/@ingorohlfing
@i_ngli@scholar.social,Ingmar Lippert,https://scholar.social/@i_ngli
@JanaHeinz@muenchen.social,JanaHeinz,https://muenchen.social/@JanaHeinz
@janap@mastodon.social,jana,https://mastodon.social/@janap
@jelena3121@mastodon.social,Jelena Brankovic,https://mastodon.social/@jelena3121
@johsvogel@scholar.social,Johannes S. Vogel,https://scholar.social/@johsvogel
@JulianHamann1@mastodon.social,Julian Hamann,https://mastodon.social/@JulianHamann1
@julSEU@mastodon.social,Julian Seuring,https://mastodon.social/@julSEU
@LarsAlberth@mastodon.social,Lars Alberth,https://mastodon.social/@LarsAlberth
@LordElend@fediscience.org,Arne Maibaum,https://fediscience.org/@LordElend
@matsommer@mastodon.social ,Matthias Sommer,https://mastodon.social/@matsommer
@mheil@bildung.social,Matthias Heil,https://bildung.social/@mheil
@naomilawsonjacobs@fediscience.org,Naomi Lawson Jacobs,https://fediscience.org/@naomilawsonjacobs
@Oliver_Wieczorek@mastodon.social,Oliver Wieczorek,https://mastodon.social/@Oliver_Wieczorek
@onlytina@todon.eu,..,https://todon.eu/@onlytina
@pardoguerra@mastodon.social,JP Pardo-Guerra,https://mastodon.social/@pardoguerra
@pengzell@mastodon.social,Per Engzell,https://mastodon.social/@pengzell
@perspektivbrocken@social.tchncs.de,David Adler,https://social.tchncs.de/@perspektivbrocken
@petka@mastodon.social,Peter Kahlert,https://mastodon.social/@petka
@philipncohen@mastodon.social,Philip N Cohen,https://mastodon.social/@philipncohen
@ramyologist@mastodon.social,..,https://mastodon.social/@ramyologist
@reliablyjeff@mastodon.social,Jeff Roberts,https://mastodon.social/@reliablyjeff
@RobertSeyfert@mastodon.social,Robert Seyfert,https://mastodon.social/@RobertSeyfert
@silviosuckow@mastodon.social,Silvio Suckow,https://mastodon.social/@silviosuckow
@simonlindgren@mastodon.social,Simon Lindgren,https://mastodon.social/@simonlindgren
@sluecking@mastodon.xyz,Stefan Lücking,https://mastodon.xyz/@sluecking
@sms2sms@ifwo.eu,Stefan M. Seydel,https://ifwo.eu/@sms2sms
@sowa@mastodon.social,Frank Sowa,https://mastodon.social/@sowa
@sozialwelten@ifwo.eu,..,https://ifwo.eu/@sozialwelten
@stefanlaser@social.tchncs.de,Stefan Laser,https://social.tchncs.de/@stefanlaser
@theHaefler@troet.cafe,..,https://troet.cafe/@theHaefler
@thorsten_peetz@mastodon.social,Thorsten Peetz,https://mastodon.social/@thorsten_peetz
@Vorinstanz@social.tchncs.de,..,https://social.tchncs.de/@Vorinstanz
@Weltenkreuzer@social.tchncs.de,Nils Müller,https://social.tchncs.de/@Weltenkreuzer
@wolf_witte@ruhr.social,Wolf Witte,https://ruhr.social/@wolf_witte
@ybaumy@mk.autonomy.earth,..,https://mk.autonomy.earth/@ybaumy
@zukunftsheld@mastodon.social,Ingmar Mundt,https://mastodon.social/@zukunftsheld
@annikabkr@mastodon.social,Annika Becker,https://mastodon.social/@annikabkr
@klauspforr@mastodon.social,Klaus Pforr,https://mastodon.social/@klauspforr
@thhaase@social.tchncs.de,Thomas Haase,https://social.tchncs.de/@thhaase
@karengregory@mastodon.social,Karen Gregory,https://mastodon.social/@karengregory
@arko23@mastodon.social,A. Koevel,https://mastodon.social/@arko23
@kjhealy@mastodon.social,Kieran Healy,https://mastodon.social/@kjhealy
@aoberg@rheinneckar.social,Achim Oberg ,https://rheinneckar.social/@aoberg
@allartmarkets@mstdn.social,Liz Mcfall,https://mstdn.social/@allartmarkets
@cameroncampbell@mstdn.social,Cameron Campbell,https://mstdn.social/@cameroncampbell
@PaulWeinheimer@mastodon.social,Paul Weinheimer,https://mastodon.social/@PaulWeinheimer
@Ninhowsky@mastodon.social,Nina,https://mastodon.social/@Ninhowsky
@janguenth@mastodon.social,Jan* Guenth* von Friedenstab,https://mastodon.social/@janguenth
